,Name,Labels
0,0.jpg,7
1,1.jpg,7
2,2.jpg,1
3,3.jpg,9
4,4.jpg,6
5,5.jpg,2
6,6.jpg,0
7,7.jpg,3
8,8.jpg,4
9,9.jpg,4
10,10.jpg,2
11,11.jpg,1
12,12.jpg,6
13,13.jpg,3
14,14.jpg,7
15,15.jpg,7
16,16.jpg,1
17,17.jpg,1
18,18.jpg,3
19,19.jpg,2
20,20.jpg,3
21,21.jpg,9
22,22.jpg,5
23,23.jpg,6
24,24.jpg,7
25,25.jpg,3
26,26.jpg,2
27,27.jpg,2
28,28.jpg,1
29,29.jpg,2
30,30.jpg,0
31,31.jpg,2
32,32.jpg,5
33,33.jpg,0
34,34.jpg,8
35,35.jpg,5
36,36.jpg,0
37,37.jpg,0
38,38.jpg,3
39,39.jpg,3
40,40.jpg,6
41,41.jpg,8
42,42.jpg,6
43,43.jpg,9
44,44.jpg,1
45,45.jpg,8
46,46.jpg,7
47,47.jpg,7
48,48.jpg,3
49,49.jpg,7
50,50.jpg,2
51,51.jpg,8
52,52.jpg,0
53,53.jpg,4
54,54.jpg,6
55,55.jpg,0
56,56.jpg,6
57,57.jpg,6
58,58.jpg,3
59,59.jpg,2
60,60.jpg,3
61,61.jpg,4
62,62.jpg,5
63,63.jpg,8
64,64.jpg,7
65,65.jpg,5
66,66.jpg,4
67,67.jpg,9
68,68.jpg,9
69,69.jpg,0
70,70.jpg,2
71,71.jpg,6
72,72.jpg,6
73,73.jpg,5
74,74.jpg,8
75,75.jpg,8
76,76.jpg,2
77,77.jpg,3
78,78.jpg,7
79,79.jpg,6
80,80.jpg,1
81,81.jpg,8
82,82.jpg,0
83,83.jpg,4
84,84.jpg,8
85,85.jpg,1
86,86.jpg,9
87,87.jpg,0
88,88.jpg,0
89,89.jpg,8
90,90.jpg,6
91,91.jpg,5
92,92.jpg,0
93,93.jpg,7
94,94.jpg,6
95,95.jpg,2
96,96.jpg,7
97,97.jpg,7
98,98.jpg,0
99,99.jpg,1
100,100.jpg,3
101,101.jpg,5
102,102.jpg,0
103,103.jpg,3
104,104.jpg,0
105,105.jpg,6
106,106.jpg,7
107,107.jpg,1
108,108.jpg,3
109,109.jpg,0
110,110.jpg,3
111,111.jpg,2
112,112.jpg,3
113,113.jpg,1
114,114.jpg,6
115,115.jpg,4
116,116.jpg,2
117,117.jpg,6
118,118.jpg,8
119,119.jpg,5
120,120.jpg,2
121,121.jpg,3
122,122.jpg,8
123,123.jpg,8
124,124.jpg,2
125,125.jpg,6
126,126.jpg,4
127,127.jpg,3
128,128.jpg,5
129,129.jpg,7
130,130.jpg,4
131,131.jpg,3
132,132.jpg,4
133,133.jpg,4
134,134.jpg,8
135,135.jpg,3
136,136.jpg,9
137,137.jpg,6
138,138.jpg,9
139,139.jpg,8
140,140.jpg,5
141,141.jpg,0
142,142.jpg,3
143,143.jpg,5
144,144.jpg,5
145,145.jpg,3
146,146.jpg,6
147,147.jpg,7
148,148.jpg,7
149,149.jpg,3
150,150.jpg,4
151,151.jpg,4
152,152.jpg,4
153,153.jpg,4
154,154.jpg,6
155,155.jpg,0
156,156.jpg,2
157,157.jpg,5
158,158.jpg,2
159,159.jpg,4
160,160.jpg,0
161,161.jpg,9
162,162.jpg,7
163,163.jpg,4
164,164.jpg,8
165,165.jpg,5
166,166.jpg,2
167,167.jpg,6
168,168.jpg,0
169,169.jpg,1
170,170.jpg,2
171,171.jpg,6
172,172.jpg,3
173,173.jpg,3
174,174.jpg,5
175,175.jpg,6
176,176.jpg,3
177,177.jpg,2
178,178.jpg,7
179,179.jpg,6
180,180.jpg,3
181,181.jpg,1
182,182.jpg,2
183,183.jpg,0
184,184.jpg,5
185,185.jpg,8
186,186.jpg,1
187,187.jpg,2
188,188.jpg,2
189,189.jpg,9
190,190.jpg,9
191,191.jpg,7
192,192.jpg,7
193,193.jpg,1
194,194.jpg,8
195,195.jpg,2
196,196.jpg,9
197,197.jpg,6
198,198.jpg,4
199,199.jpg,9
200,200.jpg,9
201,201.jpg,3
202,202.jpg,5
203,203.jpg,3
204,204.jpg,8
205,205.jpg,3
206,206.jpg,3
207,207.jpg,3
208,208.jpg,4
209,209.jpg,2
210,210.jpg,8
211,211.jpg,2
212,212.jpg,3
213,213.jpg,4
214,214.jpg,3
215,215.jpg,8
216,216.jpg,2
217,217.jpg,7
218,218.jpg,9
219,219.jpg,2
220,220.jpg,9
221,221.jpg,7
222,222.jpg,1
223,223.jpg,8
224,224.jpg,3
225,225.jpg,7
226,226.jpg,2
227,227.jpg,5
228,228.jpg,3
229,229.jpg,8
230,230.jpg,0
231,231.jpg,7
232,232.jpg,7
233,233.jpg,7
234,234.jpg,0
235,235.jpg,0
236,236.jpg,1
237,237.jpg,7
238,238.jpg,8
239,239.jpg,3
240,240.jpg,5
241,241.jpg,4
242,242.jpg,4
243,243.jpg,8
244,244.jpg,5
245,245.jpg,2
246,246.jpg,0
247,247.jpg,9
248,248.jpg,7
249,249.jpg,0
250,250.jpg,9
251,251.jpg,6
252,252.jpg,9
253,253.jpg,6
254,254.jpg,1
255,255.jpg,4
256,256.jpg,8
257,257.jpg,9
258,258.jpg,1
259,259.jpg,7
260,260.jpg,3
261,261.jpg,5
262,262.jpg,5
263,263.jpg,7
264,264.jpg,6
265,265.jpg,7
266,266.jpg,6
267,267.jpg,6
268,268.jpg,3
269,269.jpg,3
270,270.jpg,6
271,271.jpg,4
272,272.jpg,0
273,273.jpg,1
274,274.jpg,2
275,275.jpg,7
276,276.jpg,2
277,277.jpg,0
278,278.jpg,2
279,279.jpg,1
280,280.jpg,6
281,281.jpg,6
282,282.jpg,5
283,283.jpg,9
284,284.jpg,7
285,285.jpg,8
286,286.jpg,9
287,287.jpg,3
288,288.jpg,5
289,289.jpg,0
290,290.jpg,0
291,291.jpg,4
292,292.jpg,6
293,293.jpg,5
294,294.jpg,8
295,295.jpg,5
296,296.jpg,9
297,297.jpg,5
298,298.jpg,6
299,299.jpg,9
300,300.jpg,4
301,301.jpg,9
302,302.jpg,3
303,303.jpg,8
304,304.jpg,6
305,305.jpg,5
306,306.jpg,3
307,307.jpg,1
308,308.jpg,3
309,309.jpg,8
310,310.jpg,7
311,311.jpg,0
312,312.jpg,0
313,313.jpg,3
314,314.jpg,3
315,315.jpg,0
316,316.jpg,3
317,317.jpg,3
318,318.jpg,7
319,319.jpg,3
320,320.jpg,3
321,321.jpg,2
322,322.jpg,4
323,323.jpg,2
324,324.jpg,1
325,325.jpg,7
326,326.jpg,3
327,327.jpg,1
328,328.jpg,9
329,329.jpg,3
330,330.jpg,9
331,331.jpg,1
332,332.jpg,5
333,333.jpg,7
334,334.jpg,2
335,335.jpg,8
336,336.jpg,5
337,337.jpg,3
338,338.jpg,0
339,339.jpg,3
340,340.jpg,4
341,341.jpg,2
342,342.jpg,2
343,343.jpg,0
344,344.jpg,3
345,345.jpg,7
346,346.jpg,6
347,347.jpg,8
348,348.jpg,4
349,349.jpg,4
350,350.jpg,2
351,351.jpg,6
352,352.jpg,9
353,353.jpg,3
354,354.jpg,4
355,355.jpg,9
356,356.jpg,9
357,357.jpg,2
358,358.jpg,3
359,359.jpg,9
360,360.jpg,9
361,361.jpg,9
362,362.jpg,8
363,363.jpg,5
364,364.jpg,3
365,365.jpg,6
366,366.jpg,5
367,367.jpg,3
368,368.jpg,5
369,369.jpg,8
370,370.jpg,5
371,371.jpg,7
372,372.jpg,7
373,373.jpg,7
374,374.jpg,7
375,375.jpg,9
376,376.jpg,5
377,377.jpg,2
378,378.jpg,5
379,379.jpg,2
380,380.jpg,2
381,381.jpg,1
382,382.jpg,9
383,383.jpg,2
384,384.jpg,2
385,385.jpg,4
386,386.jpg,4
387,387.jpg,2
388,388.jpg,4
389,389.jpg,7
390,390.jpg,7
391,391.jpg,2
392,392.jpg,4
393,393.jpg,6
394,394.jpg,3
395,395.jpg,5
396,396.jpg,6
397,397.jpg,7
398,398.jpg,5
399,399.jpg,3
400,400.jpg,5
401,401.jpg,4
402,402.jpg,0
403,403.jpg,5
404,404.jpg,5
405,405.jpg,6
406,406.jpg,4
407,407.jpg,6
408,408.jpg,6
409,409.jpg,7
410,410.jpg,9
411,411.jpg,7
412,412.jpg,6
413,413.jpg,3
414,414.jpg,0
415,415.jpg,5
416,416.jpg,4
417,417.jpg,6
418,418.jpg,6
419,419.jpg,3
420,420.jpg,8
421,421.jpg,4
422,422.jpg,0
423,423.jpg,5
424,424.jpg,9
425,425.jpg,8
426,426.jpg,6
427,427.jpg,9
428,428.jpg,4
429,429.jpg,7
430,430.jpg,1
431,431.jpg,8
432,432.jpg,3
433,433.jpg,3
434,434.jpg,3
435,435.jpg,9
436,436.jpg,9
437,437.jpg,2
438,438.jpg,7
439,439.jpg,2
440,440.jpg,2
441,441.jpg,4
442,442.jpg,5
443,443.jpg,8
444,444.jpg,0
445,445.jpg,7
446,446.jpg,8
447,447.jpg,1
448,448.jpg,5
449,449.jpg,5
450,450.jpg,7
451,451.jpg,2
452,452.jpg,8
453,453.jpg,7
454,454.jpg,9
455,455.jpg,1
456,456.jpg,2
457,457.jpg,7
458,458.jpg,0
459,459.jpg,1
460,460.jpg,1
461,461.jpg,2
462,462.jpg,0
463,463.jpg,0
464,464.jpg,7
465,465.jpg,9
466,466.jpg,5
467,467.jpg,5
468,468.jpg,9
469,469.jpg,5
470,470.jpg,4
471,471.jpg,2
472,472.jpg,7
473,473.jpg,2
474,474.jpg,6
475,475.jpg,9
476,476.jpg,3
477,477.jpg,9
478,478.jpg,7
479,479.jpg,1
480,480.jpg,2
481,481.jpg,8
482,482.jpg,0
483,483.jpg,3
484,484.jpg,6
485,485.jpg,0
486,486.jpg,5
487,487.jpg,3
488,488.jpg,7
489,489.jpg,2
490,490.jpg,9
491,491.jpg,8
492,492.jpg,0
493,493.jpg,4
494,494.jpg,7
495,495.jpg,9
496,496.jpg,8
497,497.jpg,5
498,498.jpg,0
499,499.jpg,8
500,500.jpg,4
501,501.jpg,8
502,502.jpg,0
503,503.jpg,1
504,504.jpg,9
505,505.jpg,2
506,506.jpg,0
507,507.jpg,8
508,508.jpg,9
509,509.jpg,4
510,510.jpg,8
511,511.jpg,7
512,512.jpg,1
513,513.jpg,1
514,514.jpg,9
515,515.jpg,5
516,516.jpg,1
517,517.jpg,0
518,518.jpg,4
519,519.jpg,3
520,520.jpg,5
521,521.jpg,4
522,522.jpg,3
523,523.jpg,1
524,524.jpg,9
525,525.jpg,9
526,526.jpg,3
527,527.jpg,4
528,528.jpg,8
529,529.jpg,4
530,530.jpg,5
531,531.jpg,0
532,532.jpg,8
533,533.jpg,9
534,534.jpg,7
535,535.jpg,1
536,536.jpg,0
537,537.jpg,1
538,538.jpg,3
539,539.jpg,8
540,540.jpg,6
541,541.jpg,0
542,542.jpg,2
543,543.jpg,4
544,544.jpg,2
545,545.jpg,7
546,546.jpg,6
547,547.jpg,6
548,548.jpg,5
549,549.jpg,8
550,550.jpg,2
551,551.jpg,4
552,552.jpg,4
553,553.jpg,9
554,554.jpg,3
555,555.jpg,8
556,556.jpg,3
557,557.jpg,6
558,558.jpg,3
559,559.jpg,5
560,560.jpg,0
561,561.jpg,3
562,562.jpg,9
563,563.jpg,2
564,564.jpg,0
565,565.jpg,1
566,566.jpg,2
567,567.jpg,9
568,568.jpg,0
569,569.jpg,4
570,570.jpg,6
571,571.jpg,4
572,572.jpg,7
573,573.jpg,2
574,574.jpg,0
575,575.jpg,7
576,576.jpg,6
577,577.jpg,3
578,578.jpg,4
579,579.jpg,1
580,580.jpg,7
581,581.jpg,6
582,582.jpg,9
583,583.jpg,7
584,584.jpg,6
585,585.jpg,9
586,586.jpg,3
587,587.jpg,5
588,588.jpg,4
589,589.jpg,5
590,590.jpg,3
591,591.jpg,3
592,592.jpg,8
593,593.jpg,2
594,594.jpg,8
595,595.jpg,1
596,596.jpg,7
597,597.jpg,0
598,598.jpg,9
599,599.jpg,3
600,600.jpg,7
601,601.jpg,2
602,602.jpg,1
603,603.jpg,9
604,604.jpg,5
605,605.jpg,4
606,606.jpg,0
607,607.jpg,6
608,608.jpg,8
609,609.jpg,7
610,610.jpg,1
611,611.jpg,6
612,612.jpg,7
613,613.jpg,2
614,614.jpg,9
615,615.jpg,3
616,616.jpg,8
617,617.jpg,3
618,618.jpg,3
619,619.jpg,4
620,620.jpg,8
621,621.jpg,5
622,622.jpg,0
623,623.jpg,1
624,624.jpg,7
625,625.jpg,1
626,626.jpg,3
627,627.jpg,5
628,628.jpg,7
629,629.jpg,8
630,630.jpg,9
631,631.jpg,3
632,632.jpg,0
633,633.jpg,4
634,634.jpg,5
635,635.jpg,9
636,636.jpg,6
637,637.jpg,2
638,638.jpg,9
639,639.jpg,0
640,640.jpg,2
641,641.jpg,4
642,642.jpg,3
643,643.jpg,3
644,644.jpg,6
645,645.jpg,5
646,646.jpg,6
647,647.jpg,8
648,648.jpg,4
649,649.jpg,4
650,650.jpg,5
651,651.jpg,6
652,652.jpg,9
653,653.jpg,4
654,654.jpg,7
655,655.jpg,8
656,656.jpg,4
657,657.jpg,9
658,658.jpg,6
659,659.jpg,4
660,660.jpg,2
661,661.jpg,0
662,662.jpg,9
663,663.jpg,0
664,664.jpg,6
665,665.jpg,5
666,666.jpg,5
667,667.jpg,4
668,668.jpg,7
669,669.jpg,7
670,670.jpg,8
671,671.jpg,0
672,672.jpg,7
673,673.jpg,9
674,674.jpg,8
675,675.jpg,5
676,676.jpg,3
677,677.jpg,9
678,678.jpg,0
679,679.jpg,1
680,680.jpg,6
681,681.jpg,4
682,682.jpg,8
683,683.jpg,0
684,684.jpg,1
685,685.jpg,5
686,686.jpg,8
687,687.jpg,0
688,688.jpg,3
689,689.jpg,8
690,690.jpg,1
691,691.jpg,2
692,692.jpg,7
693,693.jpg,6
694,694.jpg,3
695,695.jpg,9
696,696.jpg,4
697,697.jpg,3
698,698.jpg,4
699,699.jpg,6
700,700.jpg,9
701,701.jpg,9
702,702.jpg,9
703,703.jpg,6
704,704.jpg,7
705,705.jpg,8
706,706.jpg,4
707,707.jpg,9
708,708.jpg,1
709,709.jpg,0
710,710.jpg,4
711,711.jpg,1
712,712.jpg,7
713,713.jpg,5
714,714.jpg,9
715,715.jpg,2
716,716.jpg,9
717,717.jpg,3
718,718.jpg,7
719,719.jpg,8
720,720.jpg,1
721,721.jpg,2
722,722.jpg,4
723,723.jpg,5
724,724.jpg,6
725,725.jpg,9
726,726.jpg,5
727,727.jpg,7
728,728.jpg,8
729,729.jpg,1
730,730.jpg,9
731,731.jpg,1
732,732.jpg,6
733,733.jpg,9
734,734.jpg,0
735,735.jpg,9
736,736.jpg,8
737,737.jpg,7
738,738.jpg,6
739,739.jpg,0
740,740.jpg,1
741,741.jpg,7
742,742.jpg,8
743,743.jpg,2
744,744.jpg,5
745,745.jpg,9
746,746.jpg,3
747,747.jpg,7
748,748.jpg,8
749,749.jpg,7
750,750.jpg,3
751,751.jpg,3
752,752.jpg,8
753,753.jpg,3
754,754.jpg,4
755,755.jpg,2
756,756.jpg,0
757,757.jpg,5
758,758.jpg,1
759,759.jpg,4
760,760.jpg,9
761,761.jpg,8
762,762.jpg,4
763,763.jpg,2
764,764.jpg,2
765,765.jpg,6
766,766.jpg,4
767,767.jpg,3
768,768.jpg,4
769,769.jpg,7
770,770.jpg,9
771,771.jpg,0
772,772.jpg,7
773,773.jpg,4
774,774.jpg,2
775,775.jpg,3
776,776.jpg,3
777,777.jpg,7
778,778.jpg,4
779,779.jpg,5
780,780.jpg,4
781,781.jpg,6
782,782.jpg,3
783,783.jpg,8
784,784.jpg,1
785,785.jpg,1
786,786.jpg,3
787,787.jpg,1
788,788.jpg,1
789,789.jpg,8
790,790.jpg,4
791,791.jpg,9
792,792.jpg,1
793,793.jpg,8
794,794.jpg,4
795,795.jpg,6
796,796.jpg,5
797,797.jpg,6
798,798.jpg,1
799,799.jpg,9
800,800.jpg,7
801,801.jpg,1
802,802.jpg,1
803,803.jpg,2
804,804.jpg,8
805,805.jpg,0
806,806.jpg,9
807,807.jpg,9
808,808.jpg,1
809,809.jpg,6
810,810.jpg,8
811,811.jpg,7
812,812.jpg,2
813,813.jpg,7
814,814.jpg,6
815,815.jpg,1
816,816.jpg,3
817,817.jpg,5
818,818.jpg,7
819,819.jpg,6
820,820.jpg,4
821,821.jpg,4
822,822.jpg,5
823,823.jpg,5
824,824.jpg,5
825,825.jpg,1
826,826.jpg,1
827,827.jpg,0
828,828.jpg,3
829,829.jpg,1
830,830.jpg,4
831,831.jpg,1
832,832.jpg,5
833,833.jpg,2
834,834.jpg,4
835,835.jpg,0
836,836.jpg,9
837,837.jpg,0
838,838.jpg,5
839,839.jpg,3
840,840.jpg,6
841,841.jpg,7
842,842.jpg,2
843,843.jpg,8
844,844.jpg,0
845,845.jpg,1
846,846.jpg,0
847,847.jpg,7
848,848.jpg,2
849,849.jpg,2
850,850.jpg,1
851,851.jpg,5
852,852.jpg,7
853,853.jpg,3
854,854.jpg,8
855,855.jpg,7
856,856.jpg,8
857,857.jpg,7
858,858.jpg,6
859,859.jpg,6
860,860.jpg,3
861,861.jpg,6
862,862.jpg,4
863,863.jpg,1
864,864.jpg,6
865,865.jpg,8
866,866.jpg,1
867,867.jpg,8
868,868.jpg,0
869,869.jpg,8
870,870.jpg,5
871,871.jpg,0
872,872.jpg,2
873,873.jpg,6
874,874.jpg,7
875,875.jpg,7
876,876.jpg,6
877,877.jpg,9
878,878.jpg,4
879,879.jpg,6
880,880.jpg,1
881,881.jpg,4
882,882.jpg,8
883,883.jpg,7
884,884.jpg,1
885,885.jpg,2
886,886.jpg,3
887,887.jpg,2
888,888.jpg,3
889,889.jpg,1
890,890.jpg,6
891,891.jpg,0
892,892.jpg,4
893,893.jpg,9
894,894.jpg,2
895,895.jpg,3
896,896.jpg,6
897,897.jpg,3
898,898.jpg,0
899,899.jpg,2
900,900.jpg,8
901,901.jpg,2
902,902.jpg,3
903,903.jpg,7
904,904.jpg,0
905,905.jpg,4
906,906.jpg,1
907,907.jpg,3
908,908.jpg,0
909,909.jpg,4
910,910.jpg,4
911,911.jpg,9
912,912.jpg,0
913,913.jpg,3
914,914.jpg,1
915,915.jpg,1
916,916.jpg,3
917,917.jpg,9
918,918.jpg,4
919,919.jpg,5
920,920.jpg,3
921,921.jpg,8
922,922.jpg,8
923,923.jpg,3
924,924.jpg,3
925,925.jpg,3
926,926.jpg,3
927,927.jpg,6
928,928.jpg,8
929,929.jpg,4
930,930.jpg,8
931,931.jpg,0
932,932.jpg,6
933,933.jpg,2
934,934.jpg,5
935,935.jpg,2
936,936.jpg,5
937,937.jpg,7
938,938.jpg,1
939,939.jpg,1
940,940.jpg,8
941,941.jpg,8
942,942.jpg,3
943,943.jpg,0
944,944.jpg,3
945,945.jpg,3
946,946.jpg,2
947,947.jpg,9
948,948.jpg,3
949,949.jpg,3
950,950.jpg,5
951,951.jpg,7
952,952.jpg,9
953,953.jpg,7
954,954.jpg,0
955,955.jpg,4
956,956.jpg,2
957,957.jpg,2
958,958.jpg,5
959,959.jpg,0
960,960.jpg,7
961,961.jpg,3
962,962.jpg,8
963,963.jpg,1
964,964.jpg,9
965,965.jpg,2
966,966.jpg,8
967,967.jpg,9
968,968.jpg,0
969,969.jpg,9
970,970.jpg,5
971,971.jpg,2
972,972.jpg,2
973,973.jpg,1
974,974.jpg,7
975,975.jpg,8
976,976.jpg,1
977,977.jpg,3
978,978.jpg,8
979,979.jpg,9
980,980.jpg,2
981,981.jpg,1
982,982.jpg,1
983,983.jpg,7
984,984.jpg,1
985,985.jpg,9
986,986.jpg,9
987,987.jpg,3
988,988.jpg,3
989,989.jpg,3
990,990.jpg,2
991,991.jpg,1
992,992.jpg,9
993,993.jpg,8
994,994.jpg,2
995,995.jpg,7
996,996.jpg,5
997,997.jpg,3
998,998.jpg,5
999,999.jpg,6
1000,1000.jpg,6
1001,1001.jpg,1
1002,1002.jpg,8
1003,1003.jpg,5
1004,1004.jpg,3
1005,1005.jpg,5
1006,1006.jpg,2
1007,1007.jpg,6
1008,1008.jpg,0
1009,1009.jpg,9
1010,1010.jpg,1
1011,1011.jpg,4
1012,1012.jpg,9
1013,1013.jpg,0
1014,1014.jpg,9
1015,1015.jpg,9
1016,1016.jpg,8
1017,1017.jpg,7
1018,1018.jpg,6
1019,1019.jpg,0
1020,1020.jpg,6
1021,1021.jpg,6
1022,1022.jpg,5
1023,1023.jpg,3
1024,1024.jpg,1
1025,1025.jpg,9
1026,1026.jpg,9
1027,1027.jpg,1
1028,1028.jpg,9
1029,1029.jpg,0
1030,1030.jpg,7
1031,1031.jpg,3
1032,1032.jpg,8
1033,1033.jpg,5
1034,1034.jpg,5
1035,1035.jpg,3
1036,1036.jpg,2
1037,1037.jpg,9
1038,1038.jpg,4
1039,1039.jpg,6
1040,1040.jpg,1
1041,1041.jpg,1
1042,1042.jpg,5
1043,1043.jpg,4
1044,1044.jpg,2
1045,1045.jpg,6
1046,1046.jpg,3
1047,1047.jpg,6
1048,1048.jpg,3
1049,1049.jpg,7
1050,1050.jpg,0
1051,1051.jpg,0
1052,1052.jpg,2
1053,1053.jpg,4
1054,1054.jpg,3
1055,1055.jpg,7
1056,1056.jpg,5
1057,1057.jpg,0
1058,1058.jpg,8
1059,1059.jpg,4
1060,1060.jpg,9
1061,1061.jpg,8
1062,1062.jpg,3
1063,1063.jpg,6
1064,1064.jpg,4
1065,1065.jpg,4
1066,1066.jpg,9
1067,1067.jpg,9
1068,1068.jpg,9
1069,1069.jpg,1
1070,1070.jpg,8
1071,1071.jpg,6
1072,1072.jpg,8
1073,1073.jpg,2
1074,1074.jpg,8
1075,1075.jpg,4
1076,1076.jpg,0
1077,1077.jpg,3
1078,1078.jpg,2
1079,1079.jpg,3
1080,1080.jpg,8
1081,1081.jpg,2
1082,1082.jpg,4
1083,1083.jpg,9
1084,1084.jpg,5
1085,1085.jpg,0
1086,1086.jpg,0
1087,1087.jpg,8
1088,1088.jpg,6
1089,1089.jpg,0
1090,1090.jpg,9
1091,1091.jpg,4
1092,1092.jpg,8
1093,1093.jpg,6
1094,1094.jpg,0
1095,1095.jpg,8
1096,1096.jpg,7
1097,1097.jpg,7
1098,1098.jpg,1
1099,1099.jpg,5
1100,1100.jpg,9
1101,1101.jpg,8
1102,1102.jpg,8
1103,1103.jpg,6
1104,1104.jpg,1
1105,1105.jpg,9
1106,1106.jpg,5
1107,1107.jpg,1
1108,1108.jpg,7
1109,1109.jpg,3
1110,1110.jpg,3
1111,1111.jpg,8
1112,1112.jpg,2
1113,1113.jpg,8
1114,1114.jpg,0
1115,1115.jpg,4
1116,1116.jpg,5
1117,1117.jpg,8
1118,1118.jpg,7
1119,1119.jpg,9
1120,1120.jpg,5
1121,1121.jpg,8
1122,1122.jpg,2
1123,1123.jpg,1
1124,1124.jpg,5
1125,1125.jpg,8
1126,1126.jpg,3
1127,1127.jpg,9
1128,1128.jpg,6
1129,1129.jpg,5
1130,1130.jpg,2
1131,1131.jpg,6
1132,1132.jpg,7
1133,1133.jpg,9
1134,1134.jpg,9
1135,1135.jpg,6
1136,1136.jpg,5
1137,1137.jpg,7
1138,1138.jpg,2
1139,1139.jpg,4
1140,1140.jpg,4
1141,1141.jpg,4
1142,1142.jpg,1
1143,1143.jpg,4
1144,1144.jpg,9
1145,1145.jpg,4
1146,1146.jpg,2
1147,1147.jpg,9
1148,1148.jpg,6
1149,1149.jpg,9
1150,1150.jpg,7
1151,1151.jpg,6
1152,1152.jpg,5
1153,1153.jpg,8
1154,1154.jpg,5
1155,1155.jpg,9
1156,1156.jpg,8
1157,1157.jpg,3
1158,1158.jpg,0
1159,1159.jpg,0
1160,1160.jpg,7
1161,1161.jpg,8
1162,1162.jpg,4
1163,1163.jpg,9
1164,1164.jpg,7
1165,1165.jpg,7
1166,1166.jpg,2
1167,1167.jpg,3
1168,1168.jpg,3
1169,1169.jpg,5
1170,1170.jpg,0
1171,1171.jpg,9
1172,1172.jpg,6
1173,1173.jpg,1
1174,1174.jpg,6
1175,1175.jpg,3
1176,1176.jpg,7
1177,1177.jpg,0
1178,1178.jpg,9
1179,1179.jpg,9
1180,1180.jpg,6
1181,1181.jpg,1
1182,1182.jpg,3
1183,1183.jpg,8
1184,1184.jpg,8
1185,1185.jpg,9
1186,1186.jpg,5
1187,1187.jpg,1
1188,1188.jpg,9
1189,1189.jpg,4
1190,1190.jpg,5
1191,1191.jpg,4
1192,1192.jpg,7
1193,1193.jpg,4
1194,1194.jpg,0
1195,1195.jpg,3
1196,1196.jpg,4
1197,1197.jpg,1
1198,1198.jpg,0
1199,1199.jpg,0
1200,1200.jpg,2
1201,1201.jpg,3
1202,1202.jpg,4
1203,1203.jpg,3
1204,1204.jpg,5
1205,1205.jpg,5
1206,1206.jpg,6
1207,1207.jpg,0
1208,1208.jpg,0
1209,1209.jpg,4
1210,1210.jpg,3
1211,1211.jpg,3
1212,1212.jpg,7
1213,1213.jpg,9
1214,1214.jpg,5
1215,1215.jpg,8
1216,1216.jpg,5
1217,1217.jpg,5
1218,1218.jpg,2
1219,1219.jpg,1
1220,1220.jpg,2
1221,1221.jpg,7
1222,1222.jpg,7
1223,1223.jpg,5
1224,1224.jpg,7
1225,1225.jpg,1
1226,1226.jpg,6
1227,1227.jpg,4
1228,1228.jpg,9
1229,1229.jpg,0
1230,1230.jpg,5
1231,1231.jpg,8
1232,1232.jpg,3
1233,1233.jpg,3
1234,1234.jpg,6
1235,1235.jpg,0
1236,1236.jpg,7
1237,1237.jpg,1
1238,1238.jpg,8
1239,1239.jpg,5
1240,1240.jpg,6
1241,1241.jpg,0
1242,1242.jpg,2
1243,1243.jpg,5
1244,1244.jpg,3
1245,1245.jpg,3
1246,1246.jpg,7
1247,1247.jpg,0
1248,1248.jpg,3
1249,1249.jpg,2
1250,1250.jpg,4
1251,1251.jpg,9
1252,1252.jpg,1
1253,1253.jpg,4
1254,1254.jpg,2
1255,1255.jpg,1
1256,1256.jpg,9
1257,1257.jpg,0
1258,1258.jpg,4
1259,1259.jpg,9
1260,1260.jpg,1
1261,1261.jpg,3
1262,1262.jpg,0
1263,1263.jpg,9
1264,1264.jpg,1
1265,1265.jpg,5
1266,1266.jpg,6
1267,1267.jpg,2
1268,1268.jpg,7
1269,1269.jpg,6
1270,1270.jpg,9
1271,1271.jpg,0
1272,1272.jpg,0
1273,1273.jpg,0
1274,1274.jpg,3
1275,1275.jpg,3
1276,1276.jpg,5
1277,1277.jpg,8
1278,1278.jpg,1
1279,1279.jpg,3
1280,1280.jpg,3
1281,1281.jpg,4
1282,1282.jpg,3
1283,1283.jpg,6
1284,1284.jpg,6
1285,1285.jpg,5
1286,1286.jpg,9
1287,1287.jpg,4
1288,1288.jpg,9
1289,1289.jpg,8
1290,1290.jpg,6
1291,1291.jpg,0
1292,1292.jpg,6
1293,1293.jpg,1
1294,1294.jpg,4
1295,1295.jpg,8
1296,1296.jpg,1
1297,1297.jpg,2
1298,1298.jpg,4
1299,1299.jpg,4
1300,1300.jpg,1
1301,1301.jpg,5
1302,1302.jpg,1
1303,1303.jpg,1
1304,1304.jpg,2
1305,1305.jpg,3
1306,1306.jpg,6
1307,1307.jpg,4
1308,1308.jpg,4
1309,1309.jpg,1
1310,1310.jpg,0
1311,1311.jpg,1
1312,1312.jpg,3
1313,1313.jpg,7
1314,1314.jpg,2
1315,1315.jpg,5
1316,1316.jpg,1
1317,1317.jpg,2
1318,1318.jpg,6
1319,1319.jpg,1
1320,1320.jpg,0
1321,1321.jpg,9
1322,1322.jpg,4
1323,1323.jpg,1
1324,1324.jpg,8
1325,1325.jpg,3
1326,1326.jpg,6
1327,1327.jpg,0
1328,1328.jpg,5
1329,1329.jpg,6
1330,1330.jpg,5
1331,1331.jpg,9
1332,1332.jpg,1
1333,1333.jpg,6
1334,1334.jpg,1
1335,1335.jpg,4
1336,1336.jpg,4
1337,1337.jpg,5
1338,1338.jpg,6
1339,1339.jpg,7
1340,1340.jpg,8
1341,1341.jpg,2
1342,1342.jpg,2
1343,1343.jpg,8
1344,1344.jpg,9
1345,1345.jpg,6
1346,1346.jpg,1
1347,1347.jpg,5
1348,1348.jpg,8
1349,1349.jpg,8
1350,1350.jpg,9
1351,1351.jpg,2
1352,1352.jpg,2
1353,1353.jpg,8
1354,1354.jpg,9
1355,1355.jpg,4
1356,1356.jpg,6
1357,1357.jpg,3
1358,1358.jpg,7
1359,1359.jpg,9
1360,1360.jpg,9
1361,1361.jpg,6
1362,1362.jpg,6
1363,1363.jpg,6
1364,1364.jpg,9
1365,1365.jpg,6
1366,1366.jpg,3
1367,1367.jpg,4
1368,1368.jpg,5
1369,1369.jpg,3
1370,1370.jpg,8
1371,1371.jpg,8
1372,1372.jpg,1
1373,1373.jpg,5
1374,1374.jpg,5
1375,1375.jpg,1
1376,1376.jpg,5
1377,1377.jpg,3
1378,1378.jpg,1
1379,1379.jpg,6
1380,1380.jpg,2
1381,1381.jpg,9
1382,1382.jpg,5
1383,1383.jpg,2
1384,1384.jpg,5
1385,1385.jpg,2
1386,1386.jpg,0
1387,1387.jpg,1
1388,1388.jpg,7
1389,1389.jpg,4
1390,1390.jpg,9
1391,1391.jpg,9
1392,1392.jpg,1
1393,1393.jpg,7
1394,1394.jpg,5
1395,1395.jpg,1
1396,1396.jpg,2
1397,1397.jpg,9
1398,1398.jpg,2
1399,1399.jpg,4
1400,1400.jpg,0
1401,1401.jpg,3
1402,1402.jpg,1
1403,1403.jpg,3
1404,1404.jpg,2
1405,1405.jpg,3
1406,1406.jpg,7
1407,1407.jpg,9
1408,1408.jpg,7
1409,1409.jpg,9
1410,1410.jpg,5
1411,1411.jpg,7
1412,1412.jpg,6
1413,1413.jpg,8
1414,1414.jpg,2
1415,1415.jpg,1
1416,1416.jpg,5
1417,1417.jpg,5
1418,1418.jpg,7
1419,1419.jpg,6
1420,1420.jpg,6
1421,1421.jpg,7
1422,1422.jpg,5
1423,1423.jpg,3
1424,1424.jpg,3
1425,1425.jpg,1
1426,1426.jpg,8
1427,1427.jpg,6
1428,1428.jpg,3
1429,1429.jpg,8
1430,1430.jpg,4
1431,1431.jpg,7
1432,1432.jpg,6
1433,1433.jpg,9
1434,1434.jpg,5
1435,1435.jpg,9
1436,1436.jpg,2
1437,1437.jpg,3
1438,1438.jpg,7
1439,1439.jpg,7
1440,1440.jpg,5
1441,1441.jpg,1
1442,1442.jpg,9
1443,1443.jpg,8
1444,1444.jpg,4
1445,1445.jpg,3
1446,1446.jpg,6
1447,1447.jpg,1
1448,1448.jpg,4
1449,1449.jpg,6
1450,1450.jpg,5
1451,1451.jpg,2
1452,1452.jpg,6
1453,1453.jpg,2
1454,1454.jpg,7
1455,1455.jpg,0
1456,1456.jpg,1
1457,1457.jpg,2
1458,1458.jpg,1
1459,1459.jpg,4
1460,1460.jpg,0
1461,1461.jpg,6
1462,1462.jpg,1
1463,1463.jpg,0
1464,1464.jpg,9
1465,1465.jpg,2
1466,1466.jpg,1
1467,1467.jpg,5
1468,1468.jpg,8
1469,1469.jpg,3
1470,1470.jpg,9
1471,1471.jpg,2
1472,1472.jpg,6
1473,1473.jpg,5
1474,1474.jpg,4
1475,1475.jpg,3
1476,1476.jpg,7
1477,1477.jpg,8
1478,1478.jpg,2
1479,1479.jpg,2
1480,1480.jpg,2
1481,1481.jpg,9
1482,1482.jpg,1
1483,1483.jpg,9
1484,1484.jpg,1
1485,1485.jpg,7
1486,1486.jpg,9
1487,1487.jpg,0
1488,1488.jpg,5
1489,1489.jpg,8
1490,1490.jpg,6
1491,1491.jpg,9
1492,1492.jpg,6
1493,1493.jpg,7
1494,1494.jpg,2
1495,1495.jpg,6
1496,1496.jpg,2
1497,1497.jpg,2
1498,1498.jpg,6
1499,1499.jpg,5
1500,1500.jpg,1
1501,1501.jpg,2
1502,1502.jpg,8
1503,1503.jpg,8
1504,1504.jpg,8
1505,1505.jpg,0
1506,1506.jpg,8
1507,1507.jpg,3
1508,1508.jpg,9
1509,1509.jpg,0
1510,1510.jpg,6
1511,1511.jpg,6
1512,1512.jpg,6
1513,1513.jpg,0
1514,1514.jpg,6
1515,1515.jpg,1
1516,1516.jpg,8
1517,1517.jpg,2
1518,1518.jpg,8
1519,1519.jpg,1
1520,1520.jpg,8
1521,1521.jpg,7
1522,1522.jpg,5
1523,1523.jpg,8
1524,1524.jpg,3
1525,1525.jpg,1
1526,1526.jpg,7
1527,1527.jpg,4
1528,1528.jpg,4
1529,1529.jpg,1
1530,1530.jpg,4
1531,1531.jpg,8
1532,1532.jpg,7
1533,1533.jpg,3
1534,1534.jpg,5
1535,1535.jpg,3
1536,1536.jpg,6
1537,1537.jpg,6
1538,1538.jpg,0
1539,1539.jpg,6
1540,1540.jpg,4
1541,1541.jpg,0
1542,1542.jpg,0
1543,1543.jpg,3
1544,1544.jpg,6
1545,1545.jpg,1
1546,1546.jpg,3
1547,1547.jpg,3
1548,1548.jpg,3
1549,1549.jpg,1
1550,1550.jpg,1
1551,1551.jpg,2
1552,1552.jpg,3
1553,1553.jpg,6
1554,1554.jpg,6
1555,1555.jpg,6
1556,1556.jpg,4
1557,1557.jpg,0
1558,1558.jpg,0
1559,1559.jpg,9
1560,1560.jpg,7
1561,1561.jpg,8
1562,1562.jpg,3
1563,1563.jpg,9
1564,1564.jpg,5
1565,1565.jpg,9
1566,1566.jpg,7
1567,1567.jpg,8
1568,1568.jpg,0
1569,1569.jpg,3
1570,1570.jpg,6
1571,1571.jpg,5
1572,1572.jpg,9
1573,1573.jpg,5
1574,1574.jpg,5
1575,1575.jpg,7
1576,1576.jpg,0
1577,1577.jpg,4
1578,1578.jpg,4
1579,1579.jpg,5
1580,1580.jpg,9
1581,1581.jpg,2
1582,1582.jpg,3
1583,1583.jpg,9
1584,1584.jpg,9
1585,1585.jpg,1
1586,1586.jpg,3
1587,1587.jpg,1
1588,1588.jpg,3
1589,1589.jpg,0
1590,1590.jpg,5
1591,1591.jpg,2
1592,1592.jpg,8
1593,1593.jpg,7
1594,1594.jpg,4
1595,1595.jpg,2
1596,1596.jpg,0
1597,1597.jpg,3
1598,1598.jpg,5
1599,1599.jpg,9
1600,1600.jpg,0
1601,1601.jpg,1
1602,1602.jpg,6
1603,1603.jpg,3
1604,1604.jpg,6
1605,1605.jpg,9
1606,1606.jpg,0
1607,1607.jpg,8
1608,1608.jpg,9
1609,1609.jpg,3
1610,1610.jpg,9
1611,1611.jpg,6
1612,1612.jpg,9
1613,1613.jpg,9
1614,1614.jpg,0
1615,1615.jpg,9
1616,1616.jpg,6
1617,1617.jpg,6
1618,1618.jpg,8
1619,1619.jpg,7
1620,1620.jpg,8
1621,1621.jpg,8
1622,1622.jpg,9
1623,1623.jpg,4
1624,1624.jpg,7
1625,1625.jpg,9
1626,1626.jpg,5
1627,1627.jpg,3
1628,1628.jpg,9
1629,1629.jpg,3
1630,1630.jpg,3
1631,1631.jpg,0
1632,1632.jpg,7
1633,1633.jpg,8
1634,1634.jpg,3
1635,1635.jpg,6
1636,1636.jpg,1
1637,1637.jpg,5
1638,1638.jpg,5
1639,1639.jpg,0
1640,1640.jpg,0
1641,1641.jpg,3
1642,1642.jpg,5
1643,1643.jpg,7
1644,1644.jpg,4
1645,1645.jpg,9
1646,1646.jpg,1
1647,1647.jpg,4
1648,1648.jpg,4
1649,1649.jpg,2
1650,1650.jpg,3
1651,1651.jpg,1
1652,1652.jpg,5
1653,1653.jpg,4
1654,1654.jpg,3
1655,1655.jpg,4
1656,1656.jpg,2
1657,1657.jpg,3
1658,1658.jpg,6
1659,1659.jpg,2
1660,1660.jpg,7
1661,1661.jpg,4
1662,1662.jpg,7
1663,1663.jpg,1
1664,1664.jpg,2
1665,1665.jpg,6
1666,1666.jpg,3
1667,1667.jpg,7
1668,1668.jpg,8
1669,1669.jpg,6
1670,1670.jpg,7
1671,1671.jpg,7
1672,1672.jpg,5
1673,1673.jpg,0
1674,1674.jpg,3
1675,1675.jpg,9
1676,1676.jpg,4
1677,1677.jpg,9
1678,1678.jpg,6
1679,1679.jpg,6
1680,1680.jpg,0
1681,1681.jpg,3
1682,1682.jpg,6
1683,1683.jpg,7
1684,1684.jpg,4
1685,1685.jpg,6
1686,1686.jpg,8
1687,1687.jpg,2
1688,1688.jpg,0
1689,1689.jpg,6
1690,1690.jpg,1
1691,1691.jpg,4
1692,1692.jpg,6
1693,1693.jpg,9
1694,1694.jpg,1
1695,1695.jpg,7
1696,1696.jpg,8
1697,1697.jpg,1
1698,1698.jpg,3
1699,1699.jpg,0
1700,1700.jpg,0
1701,1701.jpg,5
1702,1702.jpg,7
1703,1703.jpg,8
1704,1704.jpg,2
1705,1705.jpg,8
1706,1706.jpg,8
1707,1707.jpg,9
1708,1708.jpg,9
1709,1709.jpg,7
1710,1710.jpg,0
1711,1711.jpg,6
1712,1712.jpg,1
1713,1713.jpg,2
1714,1714.jpg,1
1715,1715.jpg,8
1716,1716.jpg,5
1717,1717.jpg,3
1718,1718.jpg,8
1719,1719.jpg,0
1720,1720.jpg,4
1721,1721.jpg,9
1722,1722.jpg,8
1723,1723.jpg,3
1724,1724.jpg,4
1725,1725.jpg,9
1726,1726.jpg,1
1727,1727.jpg,6
1728,1728.jpg,9
1729,1729.jpg,5
1730,1730.jpg,6
1731,1731.jpg,5
1732,1732.jpg,5
1733,1733.jpg,8
1734,1734.jpg,9
1735,1735.jpg,1
1736,1736.jpg,2
1737,1737.jpg,6
1738,1738.jpg,6
1739,1739.jpg,2
1740,1740.jpg,4
1741,1741.jpg,8
1742,1742.jpg,3
1743,1743.jpg,0
1744,1744.jpg,2
1745,1745.jpg,3
1746,1746.jpg,4
1747,1747.jpg,0
1748,1748.jpg,8
1749,1749.jpg,2
1750,1750.jpg,5
1751,1751.jpg,6
1752,1752.jpg,9
1753,1753.jpg,5
1754,1754.jpg,1
1755,1755.jpg,7
1756,1756.jpg,1
1757,1757.jpg,9
1758,1758.jpg,0
1759,1759.jpg,1
1760,1760.jpg,2
1761,1761.jpg,2
1762,1762.jpg,3
1763,1763.jpg,8
1764,1764.jpg,4
1765,1765.jpg,4
1766,1766.jpg,4
1767,1767.jpg,1
1768,1768.jpg,7
1769,1769.jpg,2
1770,1770.jpg,7
1771,1771.jpg,0
1772,1772.jpg,5
1773,1773.jpg,6
1774,1774.jpg,9
1775,1775.jpg,9
1776,1776.jpg,3
1777,1777.jpg,1
1778,1778.jpg,7
1779,1779.jpg,5
1780,1780.jpg,3
1781,1781.jpg,7
1782,1782.jpg,0
1783,1783.jpg,6
1784,1784.jpg,8
1785,1785.jpg,9
1786,1786.jpg,8
1787,1787.jpg,0
1788,1788.jpg,7
1789,1789.jpg,4
1790,1790.jpg,0
1791,1791.jpg,3
1792,1792.jpg,8
1793,1793.jpg,0
1794,1794.jpg,2
1795,1795.jpg,1
1796,1796.jpg,6
1797,1797.jpg,2
1798,1798.jpg,5
1799,1799.jpg,4
1800,1800.jpg,2
1801,1801.jpg,0
1802,1802.jpg,1
1803,1803.jpg,4
1804,1804.jpg,4
1805,1805.jpg,1
1806,1806.jpg,9
1807,1807.jpg,1
1808,1808.jpg,9
1809,1809.jpg,8
1810,1810.jpg,7
1811,1811.jpg,0
1812,1812.jpg,6
1813,1813.jpg,2
1814,1814.jpg,7
1815,1815.jpg,7
1816,1816.jpg,1
1817,1817.jpg,3
1818,1818.jpg,1
1819,1819.jpg,6
1820,1820.jpg,5
1821,1821.jpg,7
1822,1822.jpg,1
1823,1823.jpg,5
1824,1824.jpg,0
1825,1825.jpg,6
1826,1826.jpg,9
1827,1827.jpg,9
1828,1828.jpg,7
1829,1829.jpg,3
1830,1830.jpg,2
1831,1831.jpg,9
1832,1832.jpg,1
1833,1833.jpg,2
1834,1834.jpg,4
1835,1835.jpg,9
1836,1836.jpg,7
1837,1837.jpg,6
1838,1838.jpg,4
1839,1839.jpg,4
1840,1840.jpg,2
1841,1841.jpg,7
1842,1842.jpg,9
1843,1843.jpg,6
1844,1844.jpg,5
1845,1845.jpg,9
1846,1846.jpg,6
1847,1847.jpg,9
1848,1848.jpg,9
1849,1849.jpg,5
1850,1850.jpg,7
1851,1851.jpg,4
1852,1852.jpg,0
1853,1853.jpg,2
1854,1854.jpg,5
1855,1855.jpg,6
1856,1856.jpg,9
1857,1857.jpg,5
1858,1858.jpg,9
1859,1859.jpg,1
1860,1860.jpg,6
1861,1861.jpg,4
1862,1862.jpg,4
1863,1863.jpg,7
1864,1864.jpg,0
1865,1865.jpg,6
1866,1866.jpg,2
1867,1867.jpg,2
1868,1868.jpg,0
1869,1869.jpg,1
1870,1870.jpg,0
1871,1871.jpg,8
1872,1872.jpg,9
1873,1873.jpg,9
1874,1874.jpg,5
1875,1875.jpg,9
1876,1876.jpg,8
1877,1877.jpg,4
1878,1878.jpg,8
1879,1879.jpg,4
1880,1880.jpg,6
1881,1881.jpg,3
1882,1882.jpg,9
1883,1883.jpg,4
1884,1884.jpg,1
1885,1885.jpg,5
1886,1886.jpg,4
1887,1887.jpg,0
1888,1888.jpg,3
1889,1889.jpg,5
1890,1890.jpg,6
1891,1891.jpg,3
1892,1892.jpg,2
1893,1893.jpg,6
1894,1894.jpg,7
1895,1895.jpg,1
1896,1896.jpg,8
1897,1897.jpg,5
1898,1898.jpg,4
1899,1899.jpg,6
1900,1900.jpg,7
1901,1901.jpg,7
1902,1902.jpg,1
1903,1903.jpg,6
1904,1904.jpg,7
1905,1905.jpg,6
1906,1906.jpg,1
1907,1907.jpg,5
1908,1908.jpg,8
1909,1909.jpg,1
1910,1910.jpg,9
1911,1911.jpg,5
1912,1912.jpg,3
1913,1913.jpg,6
1914,1914.jpg,2
1915,1915.jpg,5
1916,1916.jpg,3
1917,1917.jpg,9
1918,1918.jpg,7
1919,1919.jpg,6
